mountain_name,mountain_slug,satellite_image_file_extension,satellite_image_file_path,download_status,source,source_url,bbox_west,bbox_south,bbox_east,bbox_north,image_size_px,error
Mount Everest,mount-everest,jpg,data/raw/satellite/mount-everest.jpg,downloaded,Esri World Imagery,https://server.arcgisonline.com/ArcGIS/rest/services/World_Imagery/MapServer/export?bbox=86.8741356%2C27.9430844%2C86.9758644%2C28.0329156&bboxSR=4326&imageSR=4326&size=512%2C512&format=jpg&f=image&transparent=false&compressionQuality=90,86.8741356,27.9430844,86.9758644,28.0329156,512,
K2,k2,jpg,data/raw/satellite/k2.jpg,downloaded,Esri World Imagery,https://server.arcgisonline.com/ArcGIS/rest/services/World_Imagery/MapServer/export?bbox=76.4575641%2C35.8370844%2C76.5684359%2C35.9269156&bboxSR=4326&imageSR=4326&size=512%2C512&format=jpg&f=image&transparent=false&compressionQuality=90,76.4575641,35.8370844,76.5684359,35.9269156,512,
Kangchenjunga,kangchenjunga,jpg,data/raw/satellite/kangchenjunga.jpg,downloaded,Esri World Imagery,https://server.arcgisonline.com/ArcGIS/rest/services/World_Imagery/MapServer/export?bbox=88.0962691%2C27.6580844%2C88.1977309%2C27.7479156&bboxSR=4326&imageSR=4326&size=512%2C512&format=jpg&f=image&transparent=false&compressionQuality=90,88.0962691,27.6580844,88.1977309,27.7479156,512,
Manaslu,manaslu,jpg,data/raw/satellite/manaslu.jpg,downloaded,Esri World Imagery,https://server.arcgisonline.com/ArcGIS/rest/services/World_Imagery/MapServer/export?bbox=84.5088666%2C28.5050844%2C84.6111334%2C28.5949156&bboxSR=4326&imageSR=4326&size=512%2C512&format=jpg&f=image&transparent=false&compressionQuality=90,84.5088666,28.5050844,84.6111334,28.5949156,512,
Nanga Parbat,nanga-parbat,jpg,data/raw/satellite/nanga-parbat.jpg,downloaded,Esri World Imagery,https://server.arcgisonline.com/ArcGIS/rest/services/World_Imagery/MapServer/export?bbox=74.5340078%2C35.1930844%2C74.6439922%2C35.2829156&bboxSR=4326&imageSR=4326&size=512%2C512&format=jpg&f=image&transparent=false&compressionQuality=90,74.5340078,35.1930844,74.6439922,35.2829156,512,
Annapurna I,annapurna-i,jpg,data/raw/satellite/annapurna-i.jpg,downloaded,Esri World Imagery,https://server.arcgisonline.com/ArcGIS/rest/services/World_Imagery/MapServer/export?bbox=83.7688443%2C28.5510844%2C83.8711557%2C28.6409156&bboxSR=4326&imageSR=4326&size=512%2C512&format=jpg&f=image&transparent=false&compressionQuality=90,83.7688443,28.5510844,83.8711557,28.6409156,512,
Nanda Devi,nanda-devi,jpg,data/raw/satellite/nanda-devi.jpg,downloaded,Esri World Imagery,https://server.arcgisonline.com/ArcGIS/rest/services/World_Imagery/MapServer/export?bbox=79.9189376%2C30.3310844%2C80.0230624%2C30.4209156&bboxSR=4326&imageSR=4326&size=512%2C512&format=jpg&f=image&transparent=false&compressionQuality=90,79.9189376,30.3310844,80.0230624,30.4209156,512,
Rakaposhi,rakaposhi,jpg,data/raw/satellite/rakaposhi.jpg,downloaded,Esri World Imagery,https://server.arcgisonline.com/ArcGIS/rest/services/World_Imagery/MapServer/export?bbox=74.4333810%2C36.0970844%2C74.5446190%2C36.1869156&bboxSR=4326&imageSR=4326&size=512%2C512&format=jpg&f=image&transparent=false&compressionQuality=90,74.433381,36.0970844,74.544619,36.1869156,512,
Namcha Barwa,namcha-barwa,jpg,data/raw/satellite/namcha-barwa.jpg,downloaded,Esri World Imagery,https://server.arcgisonline.com/ArcGIS/rest/services/World_Imagery/MapServer/export?bbox=95.0043270%2C29.5860844%2C95.1076730%2C29.6759156&bboxSR=4326&imageSR=4326&size=512%2C512&format=jpg&f=image&transparent=false&compressionQuality=90,95.004327,29.5860844,95.107673,29.6759156,512,
Tirich Mir,tirich-mir,jpg,data/raw/satellite/tirich-mir.jpg,downloaded,Esri World Imagery,https://server.arcgisonline.com/ArcGIS/rest/services/World_Imagery/MapServer/export?bbox=71.7843007%2C36.2100844%2C71.8956993%2C36.2999156&bboxSR=4326&imageSR=4326&size=512%2C512&format=jpg&f=image&transparent=false&compressionQuality=90,71.7843007,36.2100844,71.8956993,36.2999156,512,
Kongur Tagh,kongur-tagh,jpg,data/raw/satellite/kongur-tagh.jpg,downloaded,Esri World Imagery,https://server.arcgisonline.com/ArcGIS/rest/services/World_Imagery/MapServer/export?bbox=75.2545328%2C38.5490844%2C75.3694672%2C38.6389156&bboxSR=4326&imageSR=4326&size=512%2C512&format=jpg&f=image&transparent=false&compressionQuality=90,75.2545328,38.5490844,75.3694672,38.6389156,512,
Minya Konka,minya-konka,jpg,data/raw/satellite/minya-konka.jpg,downloaded,Esri World Imagery,https://server.arcgisonline.com/ArcGIS/rest/services/World_Imagery/MapServer/export?bbox=101.8273450%2C29.5510844%2C101.9306550%2C29.6409156&bboxSR=4326&imageSR=4326&size=512%2C512&format=jpg&f=image&transparent=false&compressionQuality=90,101.827345,29.5510844,101.930655,29.6409156,512,
Muztagh Ata,muztagh-ata,jpg,data/raw/satellite/muztagh-ata.jpg,downloaded,Esri World Imagery,https://server.arcgisonline.com/ArcGIS/rest/services/World_Imagery/MapServer/export?bbox=75.0587853%2C38.2310844%2C75.1732147%2C38.3209156&bboxSR=4326&imageSR=4326&size=512%2C512&format=jpg&f=image&transparent=false&compressionQuality=90,75.0587853,38.2310844,75.1732147,38.3209156,512,
Jengish Chokusu,jengish-chokusu,jpg,data/raw/satellite/jengish-chokusu.jpg,downloaded,Esri World Imagery,https://server.arcgisonline.com/ArcGIS/rest/services/World_Imagery/MapServer/export?bbox=80.0675269%2C41.9900844%2C80.1884731%2C42.0799156&bboxSR=4326&imageSR=4326&size=512%2C512&format=jpg&f=image&transparent=false&compressionQuality=90,80.0675269,41.9900844,80.1884731,42.0799156,512,
Lenin Peak,lenin-peak,jpg,data/raw/satellite/lenin-peak.jpg,downloaded,Esri World Imagery,https://server.arcgisonline.com/ArcGIS/rest/services/World_Imagery/MapServer/export?bbox=72.8199219%2C39.2980844%2C72.9360781%2C39.3879156&bboxSR=4326&imageSR=4326&size=512%2C512&format=jpg&f=image&transparent=false&compressionQuality=90,72.8199219,39.2980844,72.9360781,39.3879156,512,
Khan Tengri,khan-tengri,jpg,data/raw/satellite/khan-tengri.jpg,downloaded,Esri World Imagery,https://server.arcgisonline.com/ArcGIS/rest/services/World_Imagery/MapServer/export?bbox=80.1143587%2C42.1660844%2C80.2356413%2C42.2559156&bboxSR=4326&imageSR=4326&size=512%2C512&format=jpg&f=image&transparent=false&compressionQuality=90,80.1143587,42.1660844,80.2356413,42.2559156,512,
Ulugh Muztagh,ulugh-muztagh,jpg,data/raw/satellite/ulugh-muztagh.jpg,downloaded,Esri World Imagery,https://server.arcgisonline.com/ArcGIS/rest/services/World_Imagery/MapServer/export?bbox=87.3291883%2C36.3670844%2C87.4408117%2C36.4569156&bboxSR=4326&imageSR=4326&size=512%2C512&format=jpg&f=image&transparent=false&compressionQuality=90,87.3291883,36.3670844,87.4408117,36.4569156,512,
Aconcagua,aconcagua,jpg,data/raw/satellite/aconcagua.jpg,downloaded,Esri World Imagery,https://server.arcgisonline.com/ArcGIS/rest/services/World_Imagery/MapServer/export?bbox=-70.0643468%2C-32.6979156%2C-69.9576532%2C-32.6080844&bboxSR=4326&imageSR=4326&size=512%2C512&format=jpg&f=image&transparent=false&compressionQuality=90,-70.0643468,-32.6979156,-69.9576532,-32.6080844,512,
Ojos del Salado,ojos-del-salado,jpg,data/raw/satellite/ojos-del-salado.jpg,downloaded,Esri World Imagery,https://server.arcgisonline.com/ArcGIS/rest/services/World_Imagery/MapServer/export?bbox=-68.5924589%2C-27.1539156%2C-68.4915411%2C-27.0640844&bboxSR=4326&imageSR=4326&size=512%2C512&format=jpg&f=image&transparent=false&compressionQuality=90,-68.5924589,-27.1539156,-68.4915411,-27.0640844,512,
Huascarán,huascaran,jpg,data/raw/satellite/huascaran.jpg,downloaded,Esri World Imagery,https://server.arcgisonline.com/ArcGIS/rest/services/World_Imagery/MapServer/export?bbox=-77.6494909%2C-9.1669156%2C-77.5585091%2C-9.0770844&bboxSR=4326&imageSR=4326&size=512%2C512&format=jpg&f=image&transparent=false&compressionQuality=90,-77.6494909,-9.1669156,-77.5585091,-9.0770844,512,
Kawagebo,kawagebo,jpg,data/raw/satellite/kawagebo.jpg,downloaded,Esri World Imagery,https://server.arcgisonline.com/ArcGIS/rest/services/World_Imagery/MapServer/export?bbox=98.6329204%2C28.3940844%2C98.7350796%2C28.4839156&bboxSR=4326&imageSR=4326&size=512%2C512&format=jpg&f=image&transparent=false&compressionQuality=90,98.6329204,28.3940844,98.7350796,28.4839156,512,
Illimani,illimani,jpg,data/raw/satellite/illimani.jpg,downloaded,Esri World Imagery,https://server.arcgisonline.com/ArcGIS/rest/services/World_Imagery/MapServer/export?bbox=-67.8308821%2C-16.6989156%2C-67.7371179%2C-16.6090844&bboxSR=4326&imageSR=4326&size=512%2C512&format=jpg&f=image&transparent=false&compressionQuality=90,-67.8308821,-16.6989156,-67.7371179,-16.6090844,512,
Amne Machin,amne-machin,jpg,data/raw/satellite/amne-machin.jpg,downloaded,Esri World Imagery,https://server.arcgisonline.com/ArcGIS/rest/services/World_Imagery/MapServer/export?bbox=99.4073016%2C34.7550844%2C99.5166984%2C34.8449156&bboxSR=4326&imageSR=4326&size=512%2C512&format=jpg&f=image&transparent=false&compressionQuality=90,99.4073016,34.7550844,99.5166984,34.8449156,512,
Chimborazo,chimborazo,jpg,data/raw/satellite/chimborazo.jpg,downloaded,Esri World Imagery,https://server.arcgisonline.com/ArcGIS/rest/services/World_Imagery/MapServer/export?bbox=-78.8619303%2C-1.5139156%2C-78.7720697%2C-1.4240844&bboxSR=4326&imageSR=4326&size=512%2C512&format=jpg&f=image&transparent=false&compressionQuality=90,-78.8619303,-1.5139156,-78.7720697,-1.4240844,512,
Siguniang,siguniang,jpg,data/raw/satellite/siguniang.jpg,downloaded,Esri World Imagery,https://server.arcgisonline.com/ArcGIS/rest/services/World_Imagery/MapServer/export?bbox=102.8495411%2C31.0620844%2C102.9544589%2C31.1519156&bboxSR=4326&imageSR=4326&size=512%2C512&format=jpg&f=image&transparent=false&compressionQuality=90,102.8495411,31.0620844,102.9544589,31.1519156,512,
Denali,denali,jpg,data/raw/satellite/denali.jpg,downloaded,Esri World Imagery,https://server.arcgisonline.com/ArcGIS/rest/services/World_Imagery/MapServer/export?bbox=-151.1065712%2C63.0245844%2C-150.9082288%2C63.1144156&bboxSR=4326&imageSR=4326&size=512%2C512&format=jpg&f=image&transparent=false&compressionQuality=90,-151.1065712,63.0245844,-150.9082288,63.1144156,512,
Mount Logan,mount-logan,jpg,data/raw/satellite/mount-logan.jpg,downloaded,Esri World Imagery,https://server.arcgisonline.com/ArcGIS/rest/services/World_Imagery/MapServer/export?bbox=-140.4964022%2C60.5220844%2C-140.3135978%2C60.6119156&bboxSR=4326&imageSR=4326&size=512%2C512&format=jpg&f=image&transparent=false&compressionQuality=90,-140.4964022,60.5220844,-140.3135978,60.6119156,512,
Cotopaxi,cotopaxi,jpg,data/raw/satellite/cotopaxi.jpg,downloaded,Esri World Imagery,https://server.arcgisonline.com/ArcGIS/rest/services/World_Imagery/MapServer/export?bbox=-78.4819187%2C-0.7249156%2C-78.3920813%2C-0.6350844&bboxSR=4326&imageSR=4326&size=512%2C512&format=jpg&f=image&transparent=false&compressionQuality=90,-78.4819187,-0.7249156,-78.3920813,-0.6350844,512,
Kilimanjaro,kilimanjaro,jpg,data/raw/satellite/kilimanjaro.jpg,downloaded,Esri World Imagery,https://server.arcgisonline.com/ArcGIS/rest/services/World_Imagery/MapServer/export?bbox=37.3110200%2C-3.1119156%2C37.4009800%2C-3.0220844&bboxSR=4326&imageSR=4326&size=512%2C512&format=jpg&f=image&transparent=false&compressionQuality=90,37.31102,-3.1119156,37.40098,-3.0220844,512,
Hkakabo Razi,hkakabo-razi,jpg,data/raw/satellite/hkakabo-razi.jpg,downloaded,Esri World Imagery,https://server.arcgisonline.com/ArcGIS/rest/services/World_Imagery/MapServer/export?bbox=97.4849729%2C28.2850844%2C97.5870271%2C28.3749156&bboxSR=4326&imageSR=4326&size=512%2C512&format=jpg&f=image&transparent=false&compressionQuality=90,97.4849729,28.2850844,97.5870271,28.3749156,512,
Pico Cristóbal Colón,pico-cristobal-colon,jpg,data/raw/satellite/pico-cristobal-colon.jpg,downloaded,Esri World Imagery,https://server.arcgisonline.com/ArcGIS/rest/services/World_Imagery/MapServer/export?bbox=-73.7327313%2C10.7930844%2C-73.6412687%2C10.8829156&bboxSR=4326&imageSR=4326&size=512%2C512&format=jpg&f=image&transparent=false&compressionQuality=90,-73.7327313,10.7930844,-73.6412687,10.8829156,512,
Mount Elbrus,mount-elbrus,jpg,data/raw/satellite/mount-elbrus.jpg,downloaded,Esri World Imagery,https://server.arcgisonline.com/ArcGIS/rest/services/World_Imagery/MapServer/export?bbox=42.3832337%2C43.3040844%2C42.5067663%2C43.3939156&bboxSR=4326&imageSR=4326&size=512%2C512&format=jpg&f=image&transparent=false&compressionQuality=90,42.3832337,43.3040844,42.5067663,43.3939156,512,
Pico de Orizaba,pico-de-orizaba,jpg,data/raw/satellite/pico-de-orizaba.jpg,downloaded,Esri World Imagery,https://server.arcgisonline.com/ArcGIS/rest/services/World_Imagery/MapServer/export?bbox=-97.3165122%2C18.9850844%2C-97.2214878%2C19.0749156&bboxSR=4326&imageSR=4326&size=512%2C512&format=jpg&f=image&transparent=false&compressionQuality=90,-97.3165122,18.9850844,-97.2214878,19.0749156,512,
Damavand,damavand,jpg,data/raw/satellite/damavand.jpg,downloaded,Esri World Imagery,https://server.arcgisonline.com/ArcGIS/rest/services/World_Imagery/MapServer/export?bbox=52.0535123%2C35.9110844%2C52.1644877%2C36.0009156&bboxSR=4326&imageSR=4326&size=512%2C512&format=jpg&f=image&transparent=false&compressionQuality=90,52.0535123,35.9110844,52.1644877,36.0009156,512,
Jade Dragon Snow Mountain,jade-dragon-snow-mountain,jpg,data/raw/satellite/jade-dragon-snow-mountain.jpg,downloaded,Esri World Imagery,https://server.arcgisonline.com/ArcGIS/rest/services/World_Imagery/MapServer/export?bbox=100.1275460%2C27.0530844%2C100.2284540%2C27.1429156&bboxSR=4326&imageSR=4326&size=512%2C512&format=jpg&f=image&transparent=false&compressionQuality=90,100.127546,27.0530844,100.228454,27.1429156,512,
Bogda Peak,bogda-peak,jpg,data/raw/satellite/bogda-peak.jpg,downloaded,Esri World Imagery,https://server.arcgisonline.com/ArcGIS/rest/services/World_Imagery/MapServer/export?bbox=88.2727684%2C43.7560844%2C88.3972316%2C43.8459156&bboxSR=4326&imageSR=4326&size=512%2C512&format=jpg&f=image&transparent=false&compressionQuality=90,88.2727684,43.7560844,88.3972316,43.8459156,512,
Popocatépetl,popocatepetl,jpg,data/raw/satellite/popocatepetl.jpg,downloaded,Esri World Imagery,https://server.arcgisonline.com/ArcGIS/rest/services/World_Imagery/MapServer/export?bbox=-98.6755102%2C18.9780844%2C-98.5804898%2C19.0679156&bboxSR=4326&imageSR=4326&size=512%2C512&format=jpg&f=image&transparent=false&compressionQuality=90,-98.6755102,18.9780844,-98.5804898,19.0679156,512,
Nevado del Ruiz,nevado-del-ruiz,jpg,data/raw/satellite/nevado-del-ruiz.jpg,downloaded,Esri World Imagery,https://server.arcgisonline.com/ArcGIS/rest/services/World_Imagery/MapServer/export?bbox=-75.3690798%2C4.8470844%2C-75.2789202%2C4.9369156&bboxSR=4326&imageSR=4326&size=512%2C512&format=jpg&f=image&transparent=false&compressionQuality=90,-75.3690798,4.8470844,-75.2789202,4.9369156,512,
Mount Kenya,mount-kenya,jpg,data/raw/satellite/mount-kenya.jpg,downloaded,Esri World Imagery,https://server.arcgisonline.com/ArcGIS/rest/services/World_Imagery/MapServer/export?bbox=37.2630843%2C-0.1969156%2C37.3529157%2C-0.1070844&bboxSR=4326&imageSR=4326&size=512%2C512&format=jpg&f=image&transparent=false&compressionQuality=90,37.2630843,-0.1969156,37.3529157,-0.1070844,512,
Mount Ararat,mount-ararat,jpg,data/raw/satellite/mount-ararat.jpg,downloaded,Esri World Imagery,https://server.arcgisonline.com/ArcGIS/rest/services/World_Imagery/MapServer/export?bbox=44.2396209%2C39.6570844%2C44.3563791%2C39.7469156&bboxSR=4326&imageSR=4326&size=512%2C512&format=jpg&f=image&transparent=false&compressionQuality=90,44.2396209,39.6570844,44.3563791,39.7469156,512,
Mount Stanley,mount-stanley,jpg,data/raw/satellite/mount-stanley.jpg,downloaded,Esri World Imagery,https://server.arcgisonline.com/ArcGIS/rest/services/World_Imagery/MapServer/export?bbox=29.8280834%2C0.3410844%2C29.9179166%2C0.4309156&bboxSR=4326&imageSR=4326&size=512%2C512&format=jpg&f=image&transparent=false&compressionQuality=90,29.8280834,0.3410844,29.9179166,0.4309156,512,
Mount Kazbek,mount-kazbek,jpg,data/raw/satellite/mount-kazbek.jpg,downloaded,Esri World Imagery,https://server.arcgisonline.com/ArcGIS/rest/services/World_Imagery/MapServer/export?bbox=44.4568833%2C42.6550844%2C44.5791167%2C42.7449156&bboxSR=4326&imageSR=4326&size=512%2C512&format=jpg&f=image&transparent=false&compressionQuality=90,44.4568833,42.6550844,44.5791167,42.7449156,512,
Pico Bolívar,pico-bolivar,jpg,data/raw/satellite/pico-bolivar.jpg,downloaded,Esri World Imagery,https://server.arcgisonline.com/ArcGIS/rest/services/World_Imagery/MapServer/export?bbox=-71.0904193%2C8.4960844%2C-70.9995807%2C8.5859156&bboxSR=4326&imageSR=4326&size=512%2C512&format=jpg&f=image&transparent=false&compressionQuality=90,-71.0904193,8.4960844,-70.9995807,8.5859156,512,
Vinson Massif,vinson-massif,jpg,data/raw/satellite/vinson-massif.jpg,downloaded,Esri World Imagery,https://server.arcgisonline.com/ArcGIS/rest/services/World_Imagery/MapServer/export?bbox=-85.8427740%2C-78.5699156%2C-85.3912260%2C-78.4800844&bboxSR=4326&imageSR=4326&size=512%2C512&format=jpg&f=image&transparent=false&compressionQuality=90,-85.842774,-78.5699156,-85.391226,-78.4800844,512,
Puncak Jaya,puncak-jaya,jpg,data/raw/satellite/puncak-jaya.jpg,downloaded,Esri World Imagery,https://server.arcgisonline.com/ArcGIS/rest/services/World_Imagery/MapServer/export?bbox=137.1129704%2C-4.1239156%2C137.2030296%2C-4.0340844&bboxSR=4326&imageSR=4326&size=512%2C512&format=jpg&f=image&transparent=false&compressionQuality=90,137.1129704,-4.1239156,137.2030296,-4.0340844,512,
Sabalan,sabalan,jpg,data/raw/satellite/sabalan.jpg,downloaded,Esri World Imagery,https://server.arcgisonline.com/ArcGIS/rest/services/World_Imagery/MapServer/export?bbox=47.7797909%2C38.2240844%2C47.8942091%2C38.3139156&bboxSR=4326&imageSR=4326&size=512%2C512&format=jpg&f=image&transparent=false&compressionQuality=90,47.7797909,38.2240844,47.8942091,38.3139156,512,
Mont Blanc,mont-blanc,jpg,data/raw/satellite/mont-blanc.jpg,downloaded,Esri World Imagery,https://server.arcgisonline.com/ArcGIS/rest/services/World_Imagery/MapServer/export?bbox=6.8005358%2C45.7880844%2C6.9294642%2C45.8779156&bboxSR=4326&imageSR=4326&size=512%2C512&format=jpg&f=image&transparent=false&compressionQuality=90,6.8005358,45.7880844,6.9294642,45.8779156,512,
Klyuchevskaya Sopka,klyuchevskaya-sopka,jpg,data/raw/satellite/klyuchevskaya-sopka.jpg,downloaded,Esri World Imagery,https://server.arcgisonline.com/ArcGIS/rest/services/World_Imagery/MapServer/export?bbox=160.5635592%2C56.0120844%2C160.7244408%2C56.1019156&bboxSR=4326&imageSR=4326&size=512%2C512&format=jpg&f=image&transparent=false&compressionQuality=90,160.5635592,56.0120844,160.7244408,56.1019156,512,
Mount Fairweather,mount-fairweather,jpg,data/raw/satellite/mount-fairweather.jpg,downloaded,Esri World Imagery,https://server.arcgisonline.com/ArcGIS/rest/services/World_Imagery/MapServer/export?bbox=-137.6139709%2C58.8610844%2C-137.4400291%2C58.9509156&bboxSR=4326&imageSR=4326&size=512%2C512&format=jpg&f=image&transparent=false&compressionQuality=90,-137.6139709,58.8610844,-137.4400291,58.9509156,512,
Ras Dashen,ras-dashen,jpg,data/raw/satellite/ras-dashen.jpg,downloaded,Esri World Imagery,https://server.arcgisonline.com/ArcGIS/rest/services/World_Imagery/MapServer/export?bbox=38.3258587%2C13.1910844%2C38.4181413%2C13.2809156&bboxSR=4326&imageSR=4326&size=512%2C512&format=jpg&f=image&transparent=false&compressionQuality=90,38.3258587,13.1910844,38.4181413,13.2809156,512,
Mount Wilhelm,mount-wilhelm,jpg,data/raw/satellite/mount-wilhelm.jpg,downloaded,Esri World Imagery,https://server.arcgisonline.com/ArcGIS/rest/services/World_Imagery/MapServer/export?bbox=144.9848549%2C-5.8249156%2C145.0751451%2C-5.7350844&bboxSR=4326&imageSR=4326&size=512%2C512&format=jpg&f=image&transparent=false&compressionQuality=90,144.9848549,-5.8249156,145.0751451,-5.7350844,512,
Belukha,belukha,jpg,data/raw/satellite/belukha.jpg,downloaded,Esri World Imagery,https://server.arcgisonline.com/ArcGIS/rest/services/World_Imagery/MapServer/export?bbox=86.5204028%2C49.7620844%2C86.6595972%2C49.8519156&bboxSR=4326&imageSR=4326&size=512%2C512&format=jpg&f=image&transparent=false&compressionQuality=90,86.5204028,49.7620844,86.6595972,49.8519156,512,
Matterhorn,matterhorn,jpg,data/raw/satellite/matterhorn.jpg,downloaded,Esri World Imagery,https://server.arcgisonline.com/ArcGIS/rest/services/World_Imagery/MapServer/export?bbox=7.5943695%2C45.9310844%2C7.7236305%2C46.0209156&bboxSR=4326&imageSR=4326&size=512%2C512&format=jpg&f=image&transparent=false&compressionQuality=90,7.5943695,45.9310844,7.7236305,46.0209156,512,
Mount Whitney,mount-whitney,jpg,data/raw/satellite/mount-whitney.jpg,downloaded,Esri World Imagery,https://server.arcgisonline.com/ArcGIS/rest/services/World_Imagery/MapServer/export?bbox=-118.3479322%2C36.5340844%2C-118.2360678%2C36.6239156&bboxSR=4326&imageSR=4326&size=512%2C512&format=jpg&f=image&transparent=false&compressionQuality=90,-118.3479322,36.5340844,-118.2360678,36.6239156,512,
Mount Elbert,mount-elbert,jpg,data/raw/satellite/mount-elbert.jpg,downloaded,Esri World Imagery,https://server.arcgisonline.com/ArcGIS/rest/services/World_Imagery/MapServer/export?bbox=-106.5028922%2C39.0730844%2C-106.3871078%2C39.1629156&bboxSR=4326&imageSR=4326&size=512%2C512&format=jpg&f=image&transparent=false&compressionQuality=90,-106.5028922,39.0730844,-106.3871078,39.1629156,512,
Mount Rainier,mount-rainier,jpg,data/raw/satellite/mount-rainier.jpg,downloaded,Esri World Imagery,https://server.arcgisonline.com/ArcGIS/rest/services/World_Imagery/MapServer/export?bbox=-121.8259774%2C46.8073844%2C-121.6946226%2C46.8972156&bboxSR=4326&imageSR=4326&size=512%2C512&format=jpg&f=image&transparent=false&compressionQuality=90,-121.8259774,46.8073844,-121.6946226,46.8972156,512,
Longs Peak,longs-peak,jpg,data/raw/satellite/longs-peak.jpg,downloaded,Esri World Imagery,https://server.arcgisonline.com/ArcGIS/rest/services/World_Imagery/MapServer/export?bbox=-105.6738535%2C40.2100844%2C-105.5561465%2C40.2999156&bboxSR=4326&imageSR=4326&size=512%2C512&format=jpg&f=image&transparent=false&compressionQuality=90,-105.6738535,40.2100844,-105.5561465,40.2999156,512,
Mount Shasta,mount-shasta,jpg,data/raw/satellite/mount-shasta.jpg,downloaded,Esri World Imagery,https://server.arcgisonline.com/ArcGIS/rest/services/World_Imagery/MapServer/export?bbox=-122.2548868%2C41.3640844%2C-122.1351132%2C41.4539156&bboxSR=4326&imageSR=4326&size=512%2C512&format=jpg&f=image&transparent=false&compressionQuality=90,-122.2548868,41.3640844,-122.1351132,41.4539156,512,
Mount Elgon,mount-elgon,jpg,data/raw/satellite/mount-elgon.jpg,downloaded,Esri World Imagery,https://server.arcgisonline.com/ArcGIS/rest/services/World_Imagery/MapServer/export?bbox=34.4900758%2C1.0760844%2C34.5799242%2C1.1659156&bboxSR=4326&imageSR=4326&size=512%2C512&format=jpg&f=image&transparent=false&compressionQuality=90,34.4900758,1.0760844,34.5799242,1.1659156,512,
Pikes Peak,pikes-peak,jpg,data/raw/satellite/pikes-peak.jpg,downloaded,Esri World Imagery,https://server.arcgisonline.com/ArcGIS/rest/services/World_Imagery/MapServer/export?bbox=-105.1016662%2C38.7960844%2C-104.9863338%2C38.8859156&bboxSR=4326&imageSR=4326&size=512%2C512&format=jpg&f=image&transparent=false&compressionQuality=90,-105.1016662,38.7960844,-104.9863338,38.8859156,512,
Nevado de Colima,nevado-de-colima,jpg,data/raw/satellite/nevado-de-colima.jpg,downloaded,Esri World Imagery,https://server.arcgisonline.com/ArcGIS/rest/services/World_Imagery/MapServer/export?bbox=-103.6556672%2C19.5180844%2C-103.5603328%2C19.6079156&bboxSR=4326&imageSR=4326&size=512%2C512&format=jpg&f=image&transparent=false&compressionQuality=90,-103.6556672,19.5180844,-103.5603328,19.6079156,512,
Volcán Tajumulco,volcan-tajumulco,jpg,data/raw/satellite/volcan-tajumulco.jpg,downloaded,Esri World Imagery,https://server.arcgisonline.com/ArcGIS/rest/services/World_Imagery/MapServer/export?bbox=-91.9495094%2C14.9980844%2C-91.8564906%2C15.0879156&bboxSR=4326&imageSR=4326&size=512%2C512&format=jpg&f=image&transparent=false&compressionQuality=90,-91.9495094,14.9980844,-91.8564906,15.0879156,512,
Gannett Peak,gannett-peak,jpg,data/raw/satellite/gannett-peak.jpg,downloaded,Esri World Imagery,https://server.arcgisonline.com/ArcGIS/rest/services/World_Imagery/MapServer/export?bbox=-109.7155991%2C43.1390844%2C-109.5924009%2C43.2289156&bboxSR=4326&imageSR=4326&size=512%2C512&format=jpg&f=image&transparent=false&compressionQuality=90,-109.7155991,43.1390844,-109.5924009,43.2289156,512,
Mauna Kea,mauna-kea,jpg,data/raw/satellite/mauna-kea.jpg,downloaded,Esri World Imagery,https://server.arcgisonline.com/ArcGIS/rest/services/World_Imagery/MapServer/export?bbox=-155.5157441%2C19.7760844%2C-155.4202559%2C19.8659156&bboxSR=4326&imageSR=4326&size=512%2C512&format=jpg&f=image&transparent=false&compressionQuality=90,-155.5157441,19.7760844,-155.4202559,19.8659156,512,
Grand Teton,grand-teton,jpg,data/raw/satellite/grand-teton.jpg,downloaded,Esri World Imagery,https://server.arcgisonline.com/ArcGIS/rest/services/World_Imagery/MapServer/export?bbox=-110.8641692%2C43.6960844%2C-110.7398308%2C43.7859156&bboxSR=4326&imageSR=4326&size=512%2C512&format=jpg&f=image&transparent=false&compressionQuality=90,-110.8641692,43.6960844,-110.7398308,43.7859156,512,
Mauna Loa,mauna-loa,jpg,data/raw/satellite/mauna-loa.jpg,downloaded,Esri World Imagery,https://server.arcgisonline.com/ArcGIS/rest/services/World_Imagery/MapServer/export?bbox=-155.6526415%2C19.4310844%2C-155.5573585%2C19.5209156&bboxSR=4326&imageSR=4326&size=512%2C512&format=jpg&f=image&transparent=false&compressionQuality=90,-155.6526415,19.4310844,-155.5573585,19.5209156,512,
Toubkal,toubkal,jpg,data/raw/satellite/toubkal.jpg,downloaded,Esri World Imagery,https://server.arcgisonline.com/ArcGIS/rest/services/World_Imagery/MapServer/export?bbox=-7.9684325%2C31.0140844%2C-7.8635675%2C31.1039156&bboxSR=4326&imageSR=4326&size=512%2C512&format=jpg&f=image&transparent=false&compressionQuality=90,-7.9684325,31.0140844,-7.8635675,31.1039156,512,
Jungfrau,jungfrau,jpg,data/raw/satellite/jungfrau.jpg,downloaded,Esri World Imagery,https://server.arcgisonline.com/ArcGIS/rest/services/World_Imagery/MapServer/export?bbox=7.8977049%2C46.4920844%2C8.0282951%2C46.5819156&bboxSR=4326&imageSR=4326&size=512%2C512&format=jpg&f=image&transparent=false&compressionQuality=90,7.8977049,46.4920844,8.0282951,46.5819156,512,
Kings Peak,kings-peak,jpg,data/raw/satellite/kings-peak.jpg,downloaded,Esri World Imagery,https://server.arcgisonline.com/ArcGIS/rest/services/World_Imagery/MapServer/export?bbox=-110.4323126%2C40.7310844%2C-110.3136874%2C40.8209156&bboxSR=4326&imageSR=4326&size=512%2C512&format=jpg&f=image&transparent=false&compressionQuality=90,-110.4323126,40.7310844,-110.3136874,40.8209156,512,
Mount Kinabalu,mount-kinabalu,jpg,data/raw/satellite/mount-kinabalu.jpg,downloaded,Esri World Imagery,https://server.arcgisonline.com/ArcGIS/rest/services/World_Imagery/MapServer/export?bbox=116.5128308%2C6.0300844%2C116.6031692%2C6.1199156&bboxSR=4326&imageSR=4326&size=512%2C512&format=jpg&f=image&transparent=false&compressionQuality=90,116.5128308,6.0300844,116.6031692,6.1199156,512,
Mount Cameroon,mount-cameroon,jpg,data/raw/satellite/mount-cameroon.jpg,downloaded,Esri World Imagery,https://server.arcgisonline.com/ArcGIS/rest/services/World_Imagery/MapServer/export?bbox=9.1249625%2C4.1720844%2C9.2150375%2C4.2619156&bboxSR=4326&imageSR=4326&size=512%2C512&format=jpg&f=image&transparent=false&compressionQuality=90,9.1249625,4.1720844,9.2150375,4.2619156,512,
Mount Waddington,mount-waddington,jpg,data/raw/satellite/mount-waddington.jpg,downloaded,Esri World Imagery,https://server.arcgisonline.com/ArcGIS/rest/services/World_Imagery/MapServer/export?bbox=-125.3355526%2C51.3287844%2C-125.1916474%2C51.4186156&bboxSR=4326&imageSR=4326&size=512%2C512&format=jpg&f=image&transparent=false&compressionQuality=90,-125.3355526,51.3287844,-125.1916474,51.4186156,512,
Wheeler Peak,wheeler-peak,jpg,data/raw/satellite/wheeler-peak.jpg,downloaded,Esri World Imagery,https://server.arcgisonline.com/ArcGIS/rest/services/World_Imagery/MapServer/export?bbox=-105.4729163%2C36.5120844%2C-105.3610837%2C36.6019156&bboxSR=4326&imageSR=4326&size=512%2C512&format=jpg&f=image&transparent=false&compressionQuality=90,-105.4729163,36.5120844,-105.3610837,36.6019156,512,
Otgontenger,otgontenger,jpg,data/raw/satellite/otgontenger.jpg,downloaded,Esri World Imagery,https://server.arcgisonline.com/ArcGIS/rest/services/World_Imagery/MapServer/export?bbox=97.4863794%2C47.5630844%2C97.6196206%2C47.6529156&bboxSR=4326&imageSR=4326&size=512%2C512&format=jpg&f=image&transparent=false&compressionQuality=90,97.4863794,47.5630844,97.6196206,47.6529156,512,
Boundary Peak,boundary-peak,jpg,data/raw/satellite/boundary-peak.jpg,downloaded,Esri World Imagery,https://server.arcgisonline.com/ArcGIS/rest/services/World_Imagery/MapServer/export?bbox=-118.4078794%2C37.8010844%2C-118.2941206%2C37.8909156&bboxSR=4326&imageSR=4326&size=512%2C512&format=jpg&f=image&transparent=false&compressionQuality=90,-118.4078794,37.8010844,-118.2941206,37.8909156,512,
Mount Robson,mount-robson,jpg,data/raw/satellite/mount-robson.jpg,downloaded,Esri World Imagery,https://server.arcgisonline.com/ArcGIS/rest/services/World_Imagery/MapServer/export?bbox=-119.2315253%2C53.0656844%2C-119.0818747%2C53.1555156&bboxSR=4326&imageSR=4326&size=512%2C512&format=jpg&f=image&transparent=false&compressionQuality=90,-119.2315253,53.0656844,-119.0818747,53.1555156,512,
Yushan,yushan,jpg,data/raw/satellite/yushan.jpg,downloaded,Esri World Imagery,https://server.arcgisonline.com/ArcGIS/rest/services/World_Imagery/MapServer/export?bbox=120.9080334%2C23.4250844%2C121.0059666%2C23.5149156&bboxSR=4326&imageSR=4326&size=512%2C512&format=jpg&f=image&transparent=false&compressionQuality=90,120.9080334,23.4250844,121.0059666,23.5149156,512,
Kaçkar Dağı,kackar-dag,jpg,data/raw/satellite/kackar-dag.jpg,downloaded,Esri World Imagery,https://server.arcgisonline.com/ArcGIS/rest/services/World_Imagery/MapServer/export?bbox=41.1006338%2C40.7910844%2C41.2193662%2C40.8809156&bboxSR=4326&imageSR=4326&size=512%2C512&format=jpg&f=image&transparent=false&compressionQuality=90,41.1006338,40.7910844,41.2193662,40.8809156,512,
Erciyes Dağı,erciyes-dag,jpg,data/raw/satellite/erciyes-dag.jpg,downloaded,Esri World Imagery,https://server.arcgisonline.com/ArcGIS/rest/services/World_Imagery/MapServer/export?bbox=35.3895823%2C38.4870844%2C35.5044177%2C38.5769156&bboxSR=4326&imageSR=4326&size=512%2C512&format=jpg&f=image&transparent=false&compressionQuality=90,35.3895823,38.4870844,35.5044177,38.5769156,512,
Borah Peak,borah-peak,jpg,data/raw/satellite/borah-peak.jpg,downloaded,Esri World Imagery,https://server.arcgisonline.com/ArcGIS/rest/services/World_Imagery/MapServer/export?bbox=-113.8435847%2C44.0920844%2C-113.7184153%2C44.1819156&bboxSR=4326&imageSR=4326&size=512%2C512&format=jpg&f=image&transparent=false&compressionQuality=90,-113.8435847,44.0920844,-113.7184153,44.1819156,512,
Humphreys Peak,humphreys-peak,jpg,data/raw/satellite/humphreys-peak.jpg,downloaded,Esri World Imagery,https://server.arcgisonline.com/ArcGIS/rest/services/World_Imagery/MapServer/export?bbox=-111.7330656%2C35.3010844%2C-111.6229344%2C35.3909156&bboxSR=4326&imageSR=4326&size=512%2C512&format=jpg&f=image&transparent=false&compressionQuality=90,-111.7330656,35.3010844,-111.6229344,35.3909156,512,
Cerro Chirripó,cerro-chirripo,jpg,data/raw/satellite/cerro-chirripo.jpg,downloaded,Esri World Imagery,https://server.arcgisonline.com/ArcGIS/rest/services/World_Imagery/MapServer/export?bbox=-83.5335380%2C9.4390844%2C-83.4424620%2C9.5289156&bboxSR=4326&imageSR=4326&size=512%2C512&format=jpg&f=image&transparent=false&compressionQuality=90,-83.533538,9.4390844,-83.442462,9.5289156,512,
Mount Kerinci,mount-kerinci,jpg,data/raw/satellite/mount-kerinci.jpg,downloaded,Esri World Imagery,https://server.arcgisonline.com/ArcGIS/rest/services/World_Imagery/MapServer/export?bbox=101.2190647%2C-1.7419156%2C101.3089353%2C-1.6520844&bboxSR=4326&imageSR=4326&size=512%2C512&format=jpg&f=image&transparent=false&compressionQuality=90,101.2190647,-1.7419156,101.3089353,-1.6520844,512,
Grossglockner,grossglockner,jpg,data/raw/satellite/grossglockner.jpg,downloaded,Esri World Imagery,https://server.arcgisonline.com/ArcGIS/rest/services/World_Imagery/MapServer/export?bbox=12.6280499%2C47.0290844%2C12.7599501%2C47.1189156&bboxSR=4326&imageSR=4326&size=512%2C512&format=jpg&f=image&transparent=false&compressionQuality=90,12.6280499,47.0290844,12.7599501,47.1189156,512,
Mount Erebus,mount-erebus,jpg,data/raw/satellite/mount-erebus.jpg,downloaded,Esri World Imagery,https://server.arcgisonline.com/ArcGIS/rest/services/World_Imagery/MapServer/export?bbox=166.9470215%2C-77.5729156%2C167.3629785%2C-77.4830844&bboxSR=4326&imageSR=4326&size=512%2C512&format=jpg&f=image&transparent=false&compressionQuality=90,166.9470215,-77.5729156,167.3629785,-77.4830844,512,
Mount Fuji,mount-fuji,jpg,data/raw/satellite/mount-fuji.jpg,downloaded,Esri World Imagery,https://server.arcgisonline.com/ArcGIS/rest/services/World_Imagery/MapServer/export?bbox=138.6719242%2C35.3160844%2C138.7820758%2C35.4059156&bboxSR=4326&imageSR=4326&size=512%2C512&format=jpg&f=image&transparent=false&compressionQuality=90,138.6719242,35.3160844,138.7820758,35.4059156,512,
Mount Adams,mount-adams,jpg,data/raw/satellite/mount-adams.jpg,downloaded,Esri World Imagery,https://server.arcgisonline.com/ArcGIS/rest/services/World_Imagery/MapServer/export?bbox=-121.5558958%2C46.1570844%2C-121.4261042%2C46.2469156&bboxSR=4326&imageSR=4326&size=512%2C512&format=jpg&f=image&transparent=false&compressionQuality=90,-121.5558958,46.1570844,-121.4261042,46.2469156,512,
Mount Rinjani,mount-rinjani,jpg,data/raw/satellite/mount-rinjani.jpg,downloaded,Esri World Imagery,https://server.arcgisonline.com/ArcGIS/rest/services/World_Imagery/MapServer/export?bbox=116.4115961%2C-8.4559156%2C116.5024039%2C-8.3660844&bboxSR=4326&imageSR=4326&size=512%2C512&format=jpg&f=image&transparent=false&compressionQuality=90,116.4115961,-8.4559156,116.5024039,-8.3660844,512,
Aoraki / Mount Cook,aoraki-mount-cook,jpg,data/raw/satellite/aoraki-mount-cook.jpg,downloaded,Esri World Imagery,https://server.arcgisonline.com/ArcGIS/rest/services/World_Imagery/MapServer/export?bbox=170.0799818%2C-43.6399156%2C170.2040182%2C-43.5500844&bboxSR=4326&imageSR=4326&size=512%2C512&format=jpg&f=image&transparent=false&compressionQuality=90,170.0799818,-43.6399156,170.2040182,-43.5500844,512,
Teide,teide,jpg,data/raw/satellite/teide.jpg,downloaded,Esri World Imagery,https://server.arcgisonline.com/ArcGIS/rest/services/World_Imagery/MapServer/export?bbox=-16.6929993%2C28.2270844%2C-16.5910007%2C28.3169156&bboxSR=4326&imageSR=4326&size=512%2C512&format=jpg&f=image&transparent=false&compressionQuality=90,-16.6929993,28.2270844,-16.5910007,28.3169156,512,
Gunnbjørn Fjeld,gunnbjrn-fjeld,jpg,data/raw/satellite/gunnbjrn-fjeld.jpg,downloaded,Esri World Imagery,https://server.arcgisonline.com/ArcGIS/rest/services/World_Imagery/MapServer/export?bbox=-30.0248626%2C68.8720844%2C-29.7751374%2C68.9619156&bboxSR=4326&imageSR=4326&size=512%2C512&format=jpg&f=image&transparent=false&compressionQuality=90,-30.0248626,68.8720844,-29.7751374,68.9619156,512,
Mount Semeru,mount-semeru,jpg,data/raw/satellite/mount-semeru.jpg,downloaded,Esri World Imagery,https://server.arcgisonline.com/ArcGIS/rest/services/World_Imagery/MapServer/export?bbox=112.8766309%2C-8.1529156%2C112.9673691%2C-8.0630844&bboxSR=4326&imageSR=4326&size=512%2C512&format=jpg&f=image&transparent=false&compressionQuality=90,112.8766309,-8.1529156,112.9673691,-8.0630844,512,
Munku-Sardyk,munku-sardyk,jpg,data/raw/satellite/munku-sardyk.jpg,downloaded,Esri World Imagery,https://server.arcgisonline.com/ArcGIS/rest/services/World_Imagery/MapServer/export?bbox=100.5254993%2C51.6740844%2C100.6705007%2C51.7639156&bboxSR=4326&imageSR=4326&size=512%2C512&format=jpg&f=image&transparent=false&compressionQuality=90,100.5254993,51.6740844,100.6705007,51.7639156,512,
Thabana Ntlenyana,thabana-ntlenyana,jpg,data/raw/satellite/thabana-ntlenyana.jpg,downloaded,Esri World Imagery,https://server.arcgisonline.com/ArcGIS/rest/services/World_Imagery/MapServer/export?bbox=29.2164103%2C-29.5129156%2C29.3195897%2C-29.4230844&bboxSR=4326&imageSR=4326&size=512%2C512&format=jpg&f=image&transparent=false&compressionQuality=90,29.2164103,-29.5129156,29.3195897,-29.4230844,512,
Mulhacén,mulhacen,jpg,data/raw/satellite/mulhacen.jpg,downloaded,Esri World Imagery,https://server.arcgisonline.com/ArcGIS/rest/services/World_Imagery/MapServer/export?bbox=-3.3672804%2C37.0090844%2C-3.2547196%2C37.0989156&bboxSR=4326&imageSR=4326&size=512%2C512&format=jpg&f=image&transparent=false&compressionQuality=90,-3.3672804,37.0090844,-3.2547196,37.0989156,512,
Emi Koussi,emi-koussi,jpg,data/raw/satellite/emi-koussi.jpg,downloaded,Esri World Imagery,https://server.arcgisonline.com/ArcGIS/rest/services/World_Imagery/MapServer/export?bbox=18.4982640%2C19.7490844%2C18.5937360%2C19.8389156&bboxSR=4326&imageSR=4326&size=512%2C512&format=jpg&f=image&transparent=false&compressionQuality=90,18.498264,19.7490844,18.593736,19.8389156,512,
Mount Hood,mount-hood,jpg,data/raw/satellite/mount-hood.jpg,downloaded,Esri World Imagery,https://server.arcgisonline.com/ArcGIS/rest/services/World_Imagery/MapServer/export?bbox=-121.7599389%2C45.3290844%2C-121.6320611%2C45.4189156&bboxSR=4326&imageSR=4326&size=512%2C512&format=jpg&f=image&transparent=false&compressionQuality=90,-121.7599389,45.3290844,-121.6320611,45.4189156,512,
Monte Fitz Roy,monte-fitz-roy,jpg,data/raw/satellite/monte-fitz-roy.jpg,downloaded,Esri World Imagery,https://server.arcgisonline.com/ArcGIS/rest/services/World_Imagery/MapServer/export?bbox=-73.1118380%2C-49.3159156%2C-72.9741620%2C-49.2260844&bboxSR=4326&imageSR=4326&size=512%2C512&format=jpg&f=image&transparent=false&compressionQuality=90,-73.111838,-49.3159156,-72.974162,-49.2260844,512,
Aneto,aneto,jpg,data/raw/satellite/aneto.jpg,downloaded,Esri World Imagery,https://server.arcgisonline.com/ArcGIS/rest/services/World_Imagery/MapServer/export?bbox=0.5959511%2C42.5860844%2C0.7180489%2C42.6759156&bboxSR=4326&imageSR=4326&size=512%2C512&format=jpg&f=image&transparent=false&compressionQuality=90,0.5959511,42.5860844,0.7180489,42.6759156,512,
Mount Etna,mount-etna,jpg,data/raw/satellite/mount-etna.jpg,downloaded,Esri World Imagery,https://server.arcgisonline.com/ArcGIS/rest/services/World_Imagery/MapServer/export?bbox=14.9361937%2C37.7060844%2C15.0498063%2C37.7959156&bboxSR=4326&imageSR=4326&size=512%2C512&format=jpg&f=image&transparent=false&compressionQuality=90,14.9361937,37.7060844,15.0498063,37.7959156,512,
Mount San Jacinto,mount-san-jacinto,jpg,data/raw/satellite/mount-san-jacinto.jpg,downloaded,Esri World Imagery,https://server.arcgisonline.com/ArcGIS/rest/services/World_Imagery/MapServer/export?bbox=-116.7330605%2C33.7700844%2C-116.6249395%2C33.8599156&bboxSR=4326&imageSR=4326&size=512%2C512&format=jpg&f=image&transparent=false&compressionQuality=90,-116.7330605,33.7700844,-116.6249395,33.8599156,512,
Mount Baker,mount-baker,jpg,data/raw/satellite/mount-baker.jpg,downloaded,Esri World Imagery,https://server.arcgisonline.com/ArcGIS/rest/services/World_Imagery/MapServer/export?bbox=-121.8821580%2C48.7320844%2C-121.7458420%2C48.8219156&bboxSR=4326&imageSR=4326&size=512%2C512&format=jpg&f=image&transparent=false&compressionQuality=90,-121.882158,48.7320844,-121.745842,48.8219156,512,
Glacier Peak,glacier-peak,jpg,data/raw/satellite/glacier-peak.jpg,downloaded,Esri World Imagery,https://server.arcgisonline.com/ArcGIS/rest/services/World_Imagery/MapServer/export?bbox=-121.1812714%2C48.0670844%2C-121.0467286%2C48.1569156&bboxSR=4326&imageSR=4326&size=512%2C512&format=jpg&f=image&transparent=false&compressionQuality=90,-121.1812714,48.0670844,-121.0467286,48.1569156,512,
Mount Lassen,mount-lassen,jpg,data/raw/satellite/mount-lassen.jpg,downloaded,Esri World Imagery,https://server.arcgisonline.com/ArcGIS/rest/services/World_Imagery/MapServer/export?bbox=-121.5640573%2C40.4430844%2C-121.4459427%2C40.5329156&bboxSR=4326&imageSR=4326&size=512%2C512&format=jpg&f=image&transparent=false&compressionQuality=90,-121.5640573,40.4430844,-121.4459427,40.5329156,512,
South Sister,south-sister,jpg,data/raw/satellite/south-sister.jpg,downloaded,Esri World Imagery,https://server.arcgisonline.com/ArcGIS/rest/services/World_Imagery/MapServer/export?bbox=-121.8315487%2C44.0580844%2C-121.7064513%2C44.1479156&bboxSR=4326&imageSR=4326&size=512%2C512&format=jpg&f=image&transparent=false&compressionQuality=90,-121.8315487,44.0580844,-121.7064513,44.1479156,512,
Fansipan,fansipan,jpg,data/raw/satellite/fansipan.jpg,downloaded,Esri World Imagery,https://server.arcgisonline.com/ArcGIS/rest/services/World_Imagery/MapServer/export?bbox=103.7274526%2C22.2580844%2C103.8245474%2C22.3479156&bboxSR=4326&imageSR=4326&size=512%2C512&format=jpg&f=image&transparent=false&compressionQuality=90,103.7274526,22.2580844,103.8245474,22.3479156,512,
Haleakala,haleakala,jpg,data/raw/satellite/haleakala.jpg,downloaded,Esri World Imagery,https://server.arcgisonline.com/ArcGIS/rest/services/World_Imagery/MapServer/export?bbox=-156.3010184%2C20.6650844%2C-156.2049816%2C20.7549156&bboxSR=4326&imageSR=4326&size=512%2C512&format=jpg&f=image&transparent=false&compressionQuality=90,-156.3010184,20.6650844,-156.2049816,20.7549156,512,
Mount Aspiring,mount-aspiring,jpg,data/raw/satellite/mount-aspiring.jpg,downloaded,Esri World Imagery,https://server.arcgisonline.com/ArcGIS/rest/services/World_Imagery/MapServer/export?bbox=168.6661519%2C-44.4289156%2C168.7918481%2C-44.3390844&bboxSR=4326&imageSR=4326&size=512%2C512&format=jpg&f=image&transparent=false&compressionQuality=90,168.6661519,-44.4289156,168.7918481,-44.3390844,512,
Mount Tate,mount-tate,jpg,data/raw/satellite/mount-tate.jpg,downloaded,Esri World Imagery,https://server.arcgisonline.com/ArcGIS/rest/services/World_Imagery/MapServer/export?bbox=137.5610707%2C36.5300844%2C137.6729293%2C36.6199156&bboxSR=4326&imageSR=4326&size=512%2C512&format=jpg&f=image&transparent=false&compressionQuality=90,137.5610707,36.5300844,137.6729293,36.6199156,512,
Sapitwa Peak,sapitwa-peak,jpg,data/raw/satellite/sapitwa-peak.jpg,downloaded,Esri World Imagery,https://server.arcgisonline.com/ArcGIS/rest/services/World_Imagery/MapServer/export?bbox=35.5452860%2C-15.9949156%2C35.6387140%2C-15.9050844&bboxSR=4326&imageSR=4326&size=512%2C512&format=jpg&f=image&transparent=false&compressionQuality=90,35.545286,-15.9949156,35.638714,-15.9050844,512,
Zugspitze,zugspitze,jpg,data/raw/satellite/zugspitze.jpg,downloaded,Esri World Imagery,https://server.arcgisonline.com/ArcGIS/rest/services/World_Imagery/MapServer/export?bbox=10.9196164%2C47.3760844%2C11.0523836%2C47.4659156&bboxSR=4326&imageSR=4326&size=512%2C512&format=jpg&f=image&transparent=false&compressionQuality=90,10.9196164,47.3760844,11.0523836,47.4659156,512,
Mount Apo,mount-apo,jpg,data/raw/satellite/mount-apo.jpg,downloaded,Esri World Imagery,https://server.arcgisonline.com/ArcGIS/rest/services/World_Imagery/MapServer/export?bbox=125.2257484%2C6.9420844%2C125.3162516%2C7.0319156&bboxSR=4326&imageSR=4326&size=512%2C512&format=jpg&f=image&transparent=false&compressionQuality=90,125.2257484,6.9420844,125.3162516,7.0319156,512,
Musala,musala,jpg,data/raw/satellite/musala.jpg,downloaded,Esri World Imagery,https://server.arcgisonline.com/ArcGIS/rest/services/World_Imagery/MapServer/export?bbox=23.5243894%2C42.1340844%2C23.6456106%2C42.2239156&bboxSR=4326&imageSR=4326&size=512%2C512&format=jpg&f=image&transparent=false&compressionQuality=90,23.5243894,42.1340844,23.6456106,42.2239156,512,
Mount Olympus,mount-olympus-2,jpg,data/raw/satellite/mount-olympus-2.jpg,downloaded,Esri World Imagery,https://server.arcgisonline.com/ArcGIS/rest/services/World_Imagery/MapServer/export?bbox=22.2992938%2C40.0400844%2C22.4167062%2C40.1299156&bboxSR=4326&imageSR=4326&size=512%2C512&format=jpg&f=image&transparent=false&compressionQuality=90,22.2992938,40.0400844,22.4167062,40.1299156,512,
Gran Sasso,gran-sasso,jpg,data/raw/satellite/gran-sasso.jpg,downloaded,Esri World Imagery,https://server.arcgisonline.com/ArcGIS/rest/services/World_Imagery/MapServer/export?bbox=13.5041093%2C42.4240844%2C13.6258907%2C42.5139156&bboxSR=4326&imageSR=4326&size=512%2C512&format=jpg&f=image&transparent=false&compressionQuality=90,13.5041093,42.4240844,13.6258907,42.5139156,512,
Triglav,triglav,jpg,data/raw/satellite/triglav.jpg,downloaded,Esri World Imagery,https://server.arcgisonline.com/ArcGIS/rest/services/World_Imagery/MapServer/export?bbox=13.7718953%2C46.3330844%2C13.9021047%2C46.4229156&bboxSR=4326&imageSR=4326&size=512%2C512&format=jpg&f=image&transparent=false&compressionQuality=90,13.7718953,46.3330844,13.9021047,46.4229156,512,
Paektu Mountain,paektu-mountain,jpg,data/raw/satellite/paektu-mountain.jpg,downloaded,Esri World Imagery,https://server.arcgisonline.com/ArcGIS/rest/services/World_Imagery/MapServer/export?bbox=128.0165668%2C41.9480844%2C128.1374332%2C42.0379156&bboxSR=4326&imageSR=4326&size=512%2C512&format=jpg&f=image&transparent=false&compressionQuality=90,128.0165668,41.9480844,128.1374332,42.0379156,512,
Guadalupe Peak,guadalupe-peak,jpg,data/raw/satellite/guadalupe-peak.jpg,downloaded,Esri World Imagery,https://server.arcgisonline.com/ArcGIS/rest/services/World_Imagery/MapServer/export?bbox=-104.9139007%2C31.8460844%2C-104.8080993%2C31.9359156&bboxSR=4326&imageSR=4326&size=512%2C512&format=jpg&f=image&transparent=false&compressionQuality=90,-104.9139007,31.8460844,-104.8080993,31.9359156,512,
Gerlachovský štít,gerlachovsky-stit,jpg,data/raw/satellite/gerlachovsky-stit.jpg,downloaded,Esri World Imagery,https://server.arcgisonline.com/ArcGIS/rest/services/World_Imagery/MapServer/export?bbox=20.0653109%2C49.1190844%2C20.2026891%2C49.2089156&bboxSR=4326&imageSR=4326&size=512%2C512&format=jpg&f=image&transparent=false&compressionQuality=90,20.0653109,49.1190844,20.2026891,49.2089156,512,
Königstein,konigstein,jpg,data/raw/satellite/konigstein.jpg,downloaded,Esri World Imagery,https://server.arcgisonline.com/ArcGIS/rest/services/World_Imagery/MapServer/export?bbox=14.5298417%2C-21.1909156%2C14.6261583%2C-21.1010844&bboxSR=4326&imageSR=4326&size=512%2C512&format=jpg&f=image&transparent=false&compressionQuality=90,14.5298417,-21.1909156,14.6261583,-21.1010844,512,
Moldoveanu Peak,moldoveanu-peak,jpg,data/raw/satellite/moldoveanu-peak.jpg,downloaded,Esri World Imagery,https://server.arcgisonline.com/ArcGIS/rest/services/World_Imagery/MapServer/export?bbox=24.6718040%2C45.5550844%2C24.8001960%2C45.6449156&bboxSR=4326&imageSR=4326&size=512%2C512&format=jpg&f=image&transparent=false&compressionQuality=90,24.671804,45.5550844,24.800196,45.6449156,512,
Mount Taranaki,mount-taranaki,jpg,data/raw/satellite/mount-taranaki.jpg,downloaded,Esri World Imagery,https://server.arcgisonline.com/ArcGIS/rest/services/World_Imagery/MapServer/export?bbox=174.0059601%2C-39.3419156%2C174.1220399%2C-39.2520844&bboxSR=4326&imageSR=4326&size=512%2C512&format=jpg&f=image&transparent=false&compressionQuality=90,174.0059601,-39.3419156,174.1220399,-39.2520844,512,
Galdhøpiggen,galdhpiggen,jpg,data/raw/satellite/galdhpiggen.jpg,downloaded,Esri World Imagery,https://server.arcgisonline.com/ArcGIS/rest/services/World_Imagery/MapServer/export?bbox=8.2174551%2C61.5910844%2C8.4065449%2C61.6809156&bboxSR=4326&imageSR=4326&size=512%2C512&format=jpg&f=image&transparent=false&compressionQuality=90,8.2174551,61.5910844,8.4065449,61.6809156,512,
Mount Olympus,mount-olympus,jpg,data/raw/satellite/mount-olympus.jpg,downloaded,Esri World Imagery,https://server.arcgisonline.com/ArcGIS/rest/services/World_Imagery/MapServer/export?bbox=-123.7768677%2C47.7560844%2C-123.6431323%2C47.8459156&bboxSR=4326&imageSR=4326&size=512%2C512&format=jpg&f=image&transparent=false&compressionQuality=90,-123.7768677,47.7560844,-123.6431323,47.8459156,512,
Mount Asahi,mount-asahi,jpg,data/raw/satellite/mount-asahi.jpg,downloaded,Esri World Imagery,https://server.arcgisonline.com/ArcGIS/rest/services/World_Imagery/MapServer/export?bbox=142.7919106%2C43.6190844%2C142.9160894%2C43.7089156&bboxSR=4326&imageSR=4326&size=512%2C512&format=jpg&f=image&transparent=false&compressionQuality=90,142.7919106,43.6190844,142.9160894,43.7089156,512,
Mount Kosciuszko,mount-kosciuszko,jpg,data/raw/satellite/mount-kosciuszko.jpg,downloaded,Esri World Imagery,https://server.arcgisonline.com/ArcGIS/rest/services/World_Imagery/MapServer/export?bbox=148.2081566%2C-36.5009156%2C148.3198434%2C-36.4110844&bboxSR=4326&imageSR=4326&size=512%2C512&format=jpg&f=image&transparent=false&compressionQuality=90,148.2081566,-36.5009156,148.3198434,-36.4110844,512,
Kebnekaise,kebnekaise,jpg,data/raw/satellite/kebnekaise.jpg,downloaded,Esri World Imagery,https://server.arcgisonline.com/ArcGIS/rest/services/World_Imagery/MapServer/export?bbox=18.3976149%2C67.8550844%2C18.6363851%2C67.9449156&bboxSR=4326&imageSR=4326&size=512%2C512&format=jpg&f=image&transparent=false&compressionQuality=90,18.3976149,67.8550844,18.6363851,67.9449156,512,
Hoverla,hoverla,jpg,data/raw/satellite/hoverla.jpg,downloaded,Esri World Imagery,https://server.arcgisonline.com/ArcGIS/rest/services/World_Imagery/MapServer/export?bbox=24.4326657%2C48.1150844%2C24.5673343%2C48.2049156&bboxSR=4326&imageSR=4326&size=512%2C512&format=jpg&f=image&transparent=false&compressionQuality=90,24.4326657,48.1150844,24.5673343,48.2049156,512,
Mount Mitchell,mount-mitchell,jpg,data/raw/satellite/mount-mitchell.jpg,downloaded,Esri World Imagery,https://server.arcgisonline.com/ArcGIS/rest/services/World_Imagery/MapServer/export?bbox=-82.3203542%2C35.7200844%2C-82.2096458%2C35.8099156&bboxSR=4326&imageSR=4326&size=512%2C512&format=jpg&f=image&transparent=false&compressionQuality=90,-82.3203542,35.7200844,-82.2096458,35.8099156,512,
Clingmans Dome,clingmans-dome,jpg,data/raw/satellite/clingmans-dome.jpg,downloaded,Esri World Imagery,https://server.arcgisonline.com/ArcGIS/rest/services/World_Imagery/MapServer/export?bbox=-83.5532143%2C35.5180844%2C-83.4427857%2C35.6079156&bboxSR=4326&imageSR=4326&size=512%2C512&format=jpg&f=image&transparent=false&compressionQuality=90,-83.5532143,35.5180844,-83.4427857,35.6079156,512,
Hallasan,hallasan,jpg,data/raw/satellite/hallasan.jpg,downloaded,Esri World Imagery,https://server.arcgisonline.com/ArcGIS/rest/services/World_Imagery/MapServer/export?bbox=126.4752226%2C33.3170844%2C126.5827774%2C33.4069156&bboxSR=4326&imageSR=4326&size=512%2C512&format=jpg&f=image&transparent=false&compressionQuality=90,126.4752226,33.3170844,126.5827774,33.4069156,512,
Mount Washington,mount-washington,jpg,data/raw/satellite/mount-washington.jpg,downloaded,Esri World Imagery,https://server.arcgisonline.com/ArcGIS/rest/services/World_Imagery/MapServer/export?bbox=-71.3667272%2C44.2260844%2C-71.2412728%2C44.3159156&bboxSR=4326&imageSR=4326&size=512%2C512&format=jpg&f=image&transparent=false&compressionQuality=90,-71.3667272,44.2260844,-71.2412728,44.3159156,512,
Jirisan,jirisan,jpg,data/raw/satellite/jirisan.jpg,downloaded,Esri World Imagery,https://server.arcgisonline.com/ArcGIS/rest/services/World_Imagery/MapServer/export?bbox=127.6759405%2C35.2920844%2C127.7860595%2C35.3819156&bboxSR=4326&imageSR=4326&size=512%2C512&format=jpg&f=image&transparent=false&compressionQuality=90,127.6759405,35.2920844,127.7860595,35.3819156,512,
Mount Yotei,mount-yotei,jpg,data/raw/satellite/mount-yotei.jpg,downloaded,Esri World Imagery,https://server.arcgisonline.com/ArcGIS/rest/services/World_Imagery/MapServer/export?bbox=140.7497569%2C42.7830844%2C140.8722431%2C42.8729156&bboxSR=4326&imageSR=4326&size=512%2C512&format=jpg&f=image&transparent=false&compressionQuality=90,140.7497569,42.7830844,140.8722431,42.8729156,512,
Seoraksan,seoraksan,jpg,data/raw/satellite/seoraksan.jpg,downloaded,Esri World Imagery,https://server.arcgisonline.com/ArcGIS/rest/services/World_Imagery/MapServer/export?bbox=128.4089086%2C38.0740844%2C128.5230914%2C38.1639156&bboxSR=4326&imageSR=4326&size=512%2C512&format=jpg&f=image&transparent=false&compressionQuality=90,128.4089086,38.0740844,128.5230914,38.1639156,512,
Katahdin,katahdin,jpg,data/raw/satellite/katahdin.jpg,downloaded,Esri World Imagery,https://server.arcgisonline.com/ArcGIS/rest/services/World_Imagery/MapServer/export?bbox=-68.9855466%2C45.8590844%2C-68.8564534%2C45.9489156&bboxSR=4326&imageSR=4326&size=512%2C512&format=jpg&f=image&transparent=false&compressionQuality=90,-68.9855466,45.8590844,-68.8564534,45.9489156,512,
Ben Nevis,ben-nevis,jpg,data/raw/satellite/ben-nevis.jpg,downloaded,Esri World Imagery,https://server.arcgisonline.com/ArcGIS/rest/services/World_Imagery/MapServer/export?bbox=-5.0860215%2C56.7520844%2C-4.9219785%2C56.8419156&bboxSR=4326&imageSR=4326&size=512%2C512&format=jpg&f=image&transparent=false&compressionQuality=90,-5.0860215,56.7520844,-4.9219785,56.8419156,512,
Table Mountain,table-mountain,jpg,data/raw/satellite/table-mountain.jpg,downloaded,Esri World Imagery,https://server.arcgisonline.com/ArcGIS/rest/services/World_Imagery/MapServer/export?bbox=18.3558463%2C-34.0069156%2C18.4641537%2C-33.9170844&bboxSR=4326&imageSR=4326&size=512%2C512&format=jpg&f=image&transparent=false&compressionQuality=90,18.3558463,-34.0069156,18.4641537,-33.9170844,512,
